<?xml version='1.0' encoding='UTF-8' ?>
<timeLogEntries>
  <time id="1" path="/Brian Romero TI/Brian Romero TI/Planning" start="@1632596722902" delta="130" />
  <time id="2" path="/Brian Romero TI/Brian Romero TI/Code" start="@1632604551638" delta="326" interrupt="54" />
  <time id="3" path="/Brian Romero TI/Brian Romero TI/Code" start="@1632630615961" delta="48" />
  <time id="4" path="/Brian Romero TI/Brian Romero TI/Code" start="@1632638275189" delta="29" />
  <time id="5" path="/Brian Romero TI/Brian Romero TI/Code" start="@1632672079849" delta="439" />
  <time id="6" path="/Brian Romero TI/Brian Romero TI/Design" start="@1632698416062" delta="411" />
  <time id="7" path="/Brian Romero TI/Brian Romero TI/Planning" start="@1632761679027" delta="44" />
  <time id="8" path="/Brian Romero TI/Brian Romero TI/Code" start="@1632871237637" delta="155" />
</timeLogEntries>
